arxiv_id	version	primary_category	v1_pages	page_source	source_url	checked_at_utc
2608.28834	v1	math.CO	47	arxiv-v1-pdf-page-tree-http-range	https://export.arxiv.org/pdf/2608.28834v1	2026-09-02T06:30:35Z
2608.28938	v1	math.CO	27	arxiv-v1-pdf-page-tree-http-range	https://export.arxiv.org/pdf/2608.28938v1	2026-09-02T06:30:35Z
2608.29125	v1	math.CO	59	arxiv-v1-comments	https://export.arxiv.org/abs/2608.29125v1	2026-09-02T06:30:35Z
2608.29163	v1	math.CO	16	arxiv-v1-comments	https://export.arxiv.org/abs/2608.29163v1	2026-09-02T06:30:35Z
2608.29201	v1	math.CO	22	arxiv-v1-pdf-page-tree-http-range	https://export.arxiv.org/pdf/2608.29201v1	2026-09-02T06:30:35Z
2608.29203	v1	math.CO	15	arxiv-v1-comments	https://export.arxiv.org/abs/2608.29203v1	2026-09-02T06:30:35Z
2608.29224	v1	math.CO	18	arxiv-v1-comments	https://export.arxiv.org/abs/2608.29224v1	2026-09-02T06:30:35Z
2608.29595	v1	math.CO	35	arxiv-v1-comments	https://export.arxiv.org/abs/2608.29595v1	2026-09-02T06:30:35Z
2608.29750	v1	math.CO	24	arxiv-v1-comments	https://export.arxiv.org/abs/2608.29750v1	2026-09-02T06:30:35Z
2608.29981	v1	math.CO	10	arxiv-v1-pdf-page-tree-http-range	https://export.arxiv.org/pdf/2608.29981v1	2026-09-02T06:30:35Z
2608.29982	v1	math.CO	37	arxiv-v1-comments	https://export.arxiv.org/abs/2608.29982v1	2026-09-02T06:30:35Z
2608.30053	v1	math.CO	7	arxiv-v1-pdf-page-tree-http-range	https://export.arxiv.org/pdf/2608.30053v1	2026-09-02T06:30:35Z
2608.30082	v1	math.CO	41	arxiv-v1-pdf-page-tree-http-range	https://export.arxiv.org/pdf/2608.30082v1	2026-09-02T06:30:35Z
2608.30180	v1	math.CO	8	arxiv-v1-comments	https://export.arxiv.org/abs/2608.30180v1	2026-09-02T06:30:35Z
2608.30266	v1	math.CO	9	arxiv-v1-pdf-page-tree-http-range	https://export.arxiv.org/pdf/2608.30266v1	2026-09-02T06:30:35Z
2608.30481	v1	math.CO	10	arxiv-v1-pdf-page-tree-http-range	https://export.arxiv.org/pdf/2608.30481v1	2026-09-02T06:30:35Z
2608.30544	v1	math.CO	6	arxiv-v1-pdf-page-tree-http-range	https://export.arxiv.org/pdf/2608.30544v1	2026-09-02T06:30:35Z
2608.30604	v1	math.CO	51	arxiv-v1-comments	https://export.arxiv.org/abs/2608.30604v1	2026-09-02T06:30:35Z
2608.30764	v1	math.CO	40	arxiv-v1-pdf-page-tree-http-range	https://export.arxiv.org/pdf/2608.30764v1	2026-09-02T06:30:35Z
